use clinic;
INSERT INTO `doctor` VALUES ('120','Addie','Swaniawski'),
('166','Adolphus','Howe'),
('136','Aileen','Rolfson'),
('180','Alfredo','Grimes'),
('125','Alison','Murray'),
('152','Angelo','Keebler'),
('158','Arlene','Streich'),
('128','Arne','Bins'),
('132','Ashlynn','Wolf'),
('108','Ashtyn','Bruen'),
('134','Bart','Spencer'),
('150','Benjamin','Beatty'),
('147','Branson','Konopelski'),
('186','Britney','Herzog'),
('173','Bryon','Gaylord'),
('172','Cara','Dietrich'),
('189','Carmel','Medhurst'),
('194','Carmelo','Brekke'),
('110','Charles','Schimmel'),
('149','Cicero','Considine'),
('146','Clementine','Hoppe'),
('148','Cullen','Dare'),
('195','Danny','Lebsack'),
('126','Darian','Nitzsche'),
('192','Darius','Ferry'),
('115','Dell','Balistreri'),
('156','Domenico','Gislason'),
('167','Eleanora','Dibbert'),
('155','Eleazar','Anderson'),
('135','Elody','Harvey'),
('122','Emmanuelle','Gutkowski'),
('190','Estella','Yost'),
('168','Ethyl','Braun'),
('165','Euna','Cremin'),
('102','Filomena','Hammes'),
('177','Flavie','Greenfelder'),
('191','Fleta','Zboncak'),
('116','Freeman','Rutherford'),
('118','Georgianna','Hansen'),
('141','Gretchen','Witting'),
('160','Jairo','Spinka'),
('117','Jasmin','Kunde'),
('157','Jay','Mitchell'),
('193','Jena','Bartoletti'),
('127','Joanny','Heaney'),
('133','John','Welch'),
('170','Johnnie','Pfeffer'),
('140','Jordan','Connelly'),
('123','Juwan','Doyle'),
('183','Keanu','Torp'),
('164','Kenton','Bauch'),
('104','Kiarra','Ward'),
('175','Kip','Mosciski'),
('107','Krystal','Larkin'),
('169','Kurtis','Haley'),
('197','Lavern','McKenzie'),
('111','Laverne','Kshlerin'),
('162','Luisa','Brown'),
('103','Lupe','Hartmann'),
('151','Mabelle','Powlowski'),
('201','Maci','Gutmann'),
('131','Madalyn','Goodwin'),
('163','Magnus','Langosh'),
('200','Makenna','Bogan'),
('159','Manuela','Roob'),
('184','Margaret','Legros'),
('144','Margarett','Conn'),
('181','Marion','Thompson'),
('124','Mavis','Collins'),
('143','Maybell','Roberts'),
('105','Maynard','Batz'),
('178','Misael','Berge'),
('138','Murl','Padberg'),
('142','Nicklaus','Nolan'),
('145','Omer','Gulgowski'),
('198','Pete','Renner'),
('139','Quinton','Koch'),
('129','Randi','Johnson'),
('130','Reta','Kuhic'),
('119','Ricardo','O Reilly'),
('113','Robert','O Connell'),
('188','Russell','Kreiger'),
('171','Ruth','Turcotte'),
('161','Shemar','Bartell'),
('187','Sheridan','Smith'),
('174','Shyann','McClure'),
('112','Stephan','Senger'),
('137','Tanya','Swift'),
('106','Theodore','Hettinger'),
('199','Thurman','Schulist'),
('121','Torrance','Feest'),
('182','Tracey','Franecki'),
('114','Tyree','Reynolds'),
('176','Tyson','Green'),
('153','Vivien','Runte'),
('179','Wilber','Keeling'),
('185','Xander','Wiegand'),
('154','Zakary','Kessler'),
('109','Zion','Hauck'),
('196','Zula','Nicolas'); 


INSERT INTO `employee` VALUES ('87','Alden','Kuhlman'),
('56','Alexie','Huel'),
('66','Antonia','Schroeder'),
('71','Ariel','Larkin'),
('98','Aubree','Steuber'),
('86','Bella','Gutkowski'),
('91','Camille','Quitzon'),
('97','Clarabelle','Weber'),
('63','Damon','Barrows'),
('64','Daniela','Turner'),
('81','Danielle','Howe'),
('54','Dariana','Pfeffer'),
('82','Eda','Turner'),
('89','Elenora','Hauck'),
('96','Elinor','Fahey'),
('62','Elmo','Olson'),
('90','Esta','McKenzie'),
('68','Faustino','Flatley'),
('61','Flavio','Fisher'),
('94','Gudrun','Blanda'),
('79','Ilene','Schuppe'),
('76','Jacinthe','Willms'),
('92','Jeffery','Carroll'),
('78','Juvenal','Johnston'),
('74','Kamryn','Yundt'),
('65','Lauretta','Roberts'),
('88','Lisandro','O Hara'),
('75','Macey','Weber'),
('101','Maggie','DuBuque'),
('60','Marcus','Cronin'),
('77','Mario','Schaefer'),
('84','Marques','Heidenreich'),
('57','Mathew','Fahey'),
('52','Meda','Medhurst'),
('99','Mose','Spinka'),
('58','Myrna','Heller'),
('93','Oda','Kertzmann'),
('67','Omari','Barrows'),
('70','Reece','Bailey'),
('83','Reid','Erdman'),
('59','Rhea','Mueller'),
('55','Ruth','Gusikowski'),
('53','Sabryna','Cronin'),
('95','Sabryna','Stehr'),
('80','Sheldon','Welch'),
('72','Tessie','Ruecker'),
('85','Tommie','Deckow'),
('69','Vance','Spencer'),
('100','Vincenza','Schmeler'),
('73','Wiley','McClure'); 


INSERT INTO `patient` VALUES ('377','Aaron','Schamberger'),
('271','Adah','Gorczany'),
('338','Adeline','Upton'),
('255','Aglae','Durgan'),
('360','Aimee','Howe'),
('213','Aisha','Ledner'),
('252','Alden','Batz'),
('303','Alene','Zemlak'),
('399','Alexandra','Becker'),
('324','Alexys','Leuschke'),
('291','Alfreda','Waters'),
('353','Alicia','Gutmann'),
('219','Alverta','Dare'),
('318','Alycia','Kub'),
('262','Ambrose','Prohaska'),
('258','Anais','Green'),
('224','Annie','Heller'),
('322','Ara','Ullrich'),
('215','Araceli','Lubowitz'),
('375','Aracely','Mueller'),
('352','Armand','Huels'),
('315','Ashlee','Lakin'),
('365','Ashlynn','O Conner'),
('348','Audreanne','Blick'),
('344','Augustine','Blanda'),
('278','Bethel','Langosh'),
('264','Blanche','Bartell'),
('253','Bradley','Schroeder'),
('350','Brain','Hand'),
('400','Brando','Eichmann'),
('272','Brannon','Conroy'),
('270','Brooklyn','Parisian'),
('243','Bruce','Gerhold'),
('359','Caitlyn','Robel'),
('376','Camden','Stanton'),
('373','Carley','Stracke'),
('333','Carmel','Davis'),
('287','Carroll','Lebsack'),
('257','Cathrine','Jast'),
('240','Cheyenne','Rowe'),
('301','Cicero','Ortiz'),
('378','Cielo','Hahn'),
('357','Claudie','Hyatt'),
('305','Claudine','Carroll'),
('282','Clementine','Hirthe'),
('366','Cortney','Hegmann'),
('292','Crawford','Hoeger'),
('267','Curtis','Terry'),
('319','Davonte','Lemke'),
('356','Dedrick','Daugherty'),
('383','Dejah','Kautzer'),
('276','Demetris','Ziemann'),
('307','Deon','Deckow'),
('401','Destiny','Haag'),
('250','Dock','Fahey'),
('227','Doug','Langworth'),
('385','Edwin','Reichel'),
('226','Efren','Kutch'),
('275','Electa','Walsh'),
('361','Elisabeth','Bernier'),
('363','Elnora','Emard'),
('248','Elody','Larkin'),
('387','Emile','Koelpin'),
('218','Enoch','Kerluke'),
('337','Erica','Denesik'),
('304','Estell','Nikolaus'),
('268','Eulah','Bins'),
('279','Eve','Sauer'),
('395','Felipe','Lockman'),
('223','Fidel','Kertzmann'),
('369','Florencio','Pfannerstill'),
('396','Floyd','Veum'),
('394','Frederick','McDermott'),
('280','Frida','Carter'),
('388','Frieda','Konopelski'),
('204','Gabriella','Goldner'),
('364','Garland','Bashirian'),
('345','Gerda','Littel'),
('342','Glenda','Witting'),
('245','Godfrey','Brown'),
('242','Hannah','Ratke'),
('217','Harmony','McClure'),
('235','Harry','Kohler'),
('386','Hassie','Tromp'),
('289','Herbert','Kuvalis'),
('372','Hershel','Nolan'),
('317','Hilda','Donnelly'),
('325','Horace','Weimann'),
('332','Hunter','Moore'),
('208','Icie','Zulauf'),
('230','Iliana','Cassin'),
('295','Iva','O Connell'),
('261','Jamal','Kozey'),
('346','Jamarcus','Ebert'),
('283','Jayson','Powlowski'),
('296','Jeramy','Harris'),
('384','Joelle','Douglas'),
('249','Jordon','Effertz'),
('335','Josh','Thompson'),
('327','Josiah','Barton'),
('298','Kacey','Brakus'),
('231','Kane','Gusikowski'),
('216','Karelle','Hodkiewicz'),
('260','Karen','Hane'),
('341','Karli','Wehner'),
('285','Katherine','Bechtelar'),
('214','Kayla','Ward'),
('237','Keenan','Tremblay'),
('203','Kendrick','McLaughlin'),
('244','Kennith','Collier'),
('398','Kory','Mertz'),
('259','Krystel','Quigley'),
('263','Kyle','Lind'),
('229','Lazaro','Bergstrom'),
('284','Leann','Abshire'),
('339','Lenna','Block'),
('205','Lillie','Runte'),
('236','Lindsey','Murray'),
('300','Lonzo','Jones'),
('312','Lorenza','Hickle'),
('220','Lorna','Spinka'),
('274','Lourdes','Gislason'),
('233','Lucinda','Hettinger'),
('266','Luna','McCullough'),
('355','Macy','Halvorson'),
('247','Madyson','Kilback'),
('306','Mafalda','Johnson'),
('288','Mallie','Bauch'),
('334','Marcelina','Moen'),
('313','Margret','Bartoletti'),
('286','Maria','Grady'),
('362','Mariah','Zieme'),
('381','Marie','Grant'),
('294','Mason','Shanahan'),
('371','Mathew','Marvin'),
('397','Matilde','Hills'),
('273','Maude','Flatley'),
('331','Max','Paucek'),
('330','Maybell','Quitzon'),
('269','Meghan','Renner'),
('206','Mekhi','Trantow'),
('326','Mellie','Wintheiser'),
('391','Melody','Wolf'),
('316','Mia','Farrell'),
('367','Minerva','Morissette'),
('308','Montana','McGlynn'),
('209','Myrl','Herzog'),
('321','Myrtle','Roberts'),
('328','Nelle','Hansen'),
('238','Nick','Klocko'),
('336','Octavia','Welch'),
('382','Ola','Schoen'),
('293','Ottilie','Pacocha'),
('340','Ozella','Sanford'),
('225','Paxton','Raynor'),
('254','Polly','Graham'),
('358','Princess','Tillman'),
('390','Rachel','Doyle'),
('277','Ramiro','Gutkowski'),
('311','Randal','Kuphal'),
('351','Reva','Huel'),
('370','Rey','Rosenbaum'),
('392','Rico','Wiza'),
('379','Roberta','Bruen'),
('239','Roberto','Stokes'),
('221','Rogelio','Rolfson'),
('256','Rogers','Schumm'),
('234','Ron','Kshlerin'),
('309','Rossie','Beer'),
('368','Royce','Rath'),
('202','Russel','Lesch'),
('380','Rylan','Christiansen'),
('389','Sarina','Ritchie'),
('281','Shany','Baumbach'),
('354','Solon','Jerde'),
('207','Sonia','Gleason'),
('374','Sonny','Crist'),
('210','Sonya','Crooks'),
('222','Stacy','O Hara'),
('290','Stanford','Dooley'),
('212','Stella','Stoltenberg'),
('241','Sydney','Wisoky'),
('251','Sydnie','Pfeffer'),
('302','Sylvan','Will'),
('349','Tamia','Mayer'),
('320','Therese','Klein'),
('228','Tianna','Schinner'),
('343','Tito','Cummerata'),
('310','Tod','Stamm'),
('329','Tristin','Smitham'),
('297','Tyson','Bogan'),
('299','Urban','Williamson'),
('211','Veda','Heidenreich'),
('246','Verna','Beatty'),
('314','Vernie','Fadel'),
('232','Vivienne','Prosacco'),
('393','Wallace','Kessler'),
('323','Wilfred','Hagenes'),
('265','Wyman','Armstrong'),
('347','Zoe','Metz'); 

INSERT INTO `medical`(idCode, approved, medicalDate, doctorFK, patientFK) VALUES 
('1',0,'2020-06-19','102','202'),
('2',1,'2020-02-19','103','203'),
('3',0,'2020-05-10','104','204'),
('4',1,'2020-04-11','105','205'),
('5',0,'2019-12-31','106','206'),
('6',0,'2020-10-10','107','207'),
('7',1,'2019-12-28','108','208'),
('8',0,'2020-04-07','109','209'),
('9',1,'2020-09-27','110','210'),
('10',1,'2020-10-19','111','211'),
('11',1,'2020-09-22','112','212'),
('12',0,'2020-05-26','113','213'),
('13',1,'2020-03-26','114','214'),
('14',0,'2020-06-08','115','215'),
('15',0,'2020-02-11','116','216'),
('16',0,'2019-11-22','117','217'),
('17',0,'2019-12-17','118','218'),
('18',1,'2020-06-16','119','219'),
('19',0,'2020-08-30','120','220'),
('20',0,'2020-03-12','121','221'),
('21',1,'2020-07-08','122','222'),
('22',1,'2020-04-22','123','223'),
('23',0,'2020-09-22','124','224'),
('24',1,'2020-10-11','125','225'),
('25',0,'2020-10-07','126','226'),
('26',1,'2020-10-16','127','227'),
('27',1,'2020-05-12','128','228'),
('28',1,'2020-05-20','129','229'),
('29',1,'2019-12-17','130','230'),
('30',0,'2020-01-09','131','231'),
('31',0,'2020-02-05','132','232'),
('32',0,'2020-01-30','133','233'),
('33',1,'2020-08-29','134','234'),
('34',0,'2020-01-21','135','235'),
('35',0,'2019-12-03','136','236'),
('36',1,'2019-12-30','137','237'),
('37',0,'2020-04-17','138','238'),
('38',0,'2020-09-29','139','239'),
('39',1,'2020-05-06','140','240'),
('40',1,'2020-01-27','141','241'),
('41',1,'2020-07-31','142','242'),
('42',0,'2020-06-29','143','243'),
('43',0,'2019-12-26','144','244'),
('44',1,'2020-02-01','145','245'),
('45',1,'2020-03-07','146','246'),
('46',0,'2020-09-28','147','247'),
('47',1,'2020-10-26','148','248'),
('48',0,'2020-03-12','149','249'),
('49',1,'2020-02-21','150','250'),
('50',1,'2020-09-19','151','251'),
('51',0,'2019-12-31','152','252'),
('52',0,'2020-07-11','153','253'),
('53',0,'2020-03-22','154','254'),
('54',0,'2020-04-19','155','255'),
('55',0,'2020-06-28','156','256'),
('56',1,'2020-06-28','157','257'),
('57',1,'2019-11-22','158','258'),
('58',0,'2020-06-11','159','259'),
('59',1,'2020-05-21','160','260'),
('60',1,'2020-08-14','161','261'),
('61',1,'2020-06-28','162','262'),
('62',1,'2020-07-16','163','263'),
('63',1,'2020-06-19','164','264'),
('64',1,'2020-01-14','165','265'),
('65',1,'2020-05-26','166','266'),
('66',0,'2020-08-20','167','267'),
('67',0,'2020-05-19','168','268'),
('68',0,'2020-03-06','169','269'),
('69',0,'2020-02-03','170','270'),
('70',1,'2020-07-22','171','271'),
('71',0,'2020-10-22','172','272'),
('72',1,'2020-01-09','173','273'),
('73',1,'2020-06-01','174','274'),
('74',0,'2020-02-16','175','275'),
('75',0,'2020-11-03','176','276'),
('76',0,'2020-10-21','177','277'),
('77',1,'2020-07-27','178','278'),
('78',0,'2020-06-25','179','279'),
('79',0,'2020-08-25','180','280'),
('80',1,'2020-07-19','181','281'),
('81',0,'2020-03-31','182','282'),
('82',0,'2020-02-15','183','283'),
('83',1,'2020-06-20','184','284'),
('84',1,'2020-08-30','185','285'),
('85',1,'2020-07-10','186','286'),
('86',1,'2020-02-20','187','287'),
('87',1,'2020-09-18','188','288'),
('88',0,'2019-12-01','189','289'),
('89',1,'2020-02-20','190','290'),
('90',0,'2020-09-28','191','291'),
('91',0,'2020-10-23','192','292'),
('92',0,'2020-03-10','193','293'),
('93',0,'2020-08-16','194','294'),
('94',0,'2020-06-17','195','295'),
('95',0,'2020-10-23','196','296'),
('96',0,'2020-04-24','197','297'),
('97',0,'2020-06-02','198','298'),
('98',0,'2020-08-09','199','299'),
('99',1,'2019-12-07','200','300'),
('100',0,'2020-09-10','201','301'),
('101',0,'2020-04-01','102','302'),
('102',0,'2020-09-19','103','303'),
('103',1,'2019-12-09','104','304'),
('104',0,'2020-05-02','105','305'),
('105',1,'2020-09-29','106','306'),
('106',0,'2020-11-01','107','307'),
('107',1,'2019-11-27','108','308'),
('108',1,'2020-08-22','109','309'),
('109',0,'2020-10-07','110','310'),
('110',1,'2020-02-06','111','311'),
('111',0,'2020-05-22','112','312'),
('112',1,'2020-06-12','113','313'),
('113',0,'2020-02-14','114','314'),
('114',0,'2020-11-07','115','315'),
('115',1,'2020-06-21','116','316'),
('116',1,'2020-01-18','117','317'),
('117',0,'2019-12-22','118','318'),
('118',1,'2020-09-08','119','319'),
('119',0,'2020-07-10','120','320'),
('120',0,'2020-03-30','121','321'),
('121',1,'2019-12-31','122','322'),
('122',0,'2020-07-31','123','323'),
('123',0,'2020-02-05','124','324'),
('124',0,'2020-06-08','125','325'),
('125',0,'2020-10-27','126','326'),
('126',0,'2020-10-09','127','327'),
('127',0,'2020-05-08','128','328'),
('128',1,'2019-11-16','129','329'),
('129',1,'2020-05-08','130','330'),
('130',1,'2020-04-15','131','331'),
('131',1,'2020-02-25','132','332'),
('132',1,'2020-07-15','133','333'),
('133',0,'2020-01-06','134','334'),
('134',0,'2020-08-24','135','335'),
('135',0,'2019-11-27','136','336'),
('136',1,'2020-02-21','137','337'),
('137',1,'2020-04-09','138','338'),
('138',1,'2020-06-15','139','339'),
('139',1,'2019-11-24','140','340'),
('140',0,'2020-09-02','141','341'),
('141',1,'2020-08-01','142','342'),
('142',1,'2020-10-18','143','343'),
('143',1,'2020-07-01','144','344'),
('144',1,'2020-04-18','145','345'),
('145',1,'2020-09-06','146','346'),
('146',1,'2020-10-25','147','347'),
('147',1,'2020-09-28','148','348'),
('148',0,'2020-01-24','149','349'),
('149',1,'2020-08-23','150','350'),
('150',0,'2020-07-01','151','351'),
('151',1,'2020-06-01','152','352'),
('152',1,'2020-06-15','153','353'),
('153',1,'2020-08-03','154','354'),
('154',0,'2020-03-04','155','355'),
('155',1,'2020-01-26','156','356'),
('156',0,'2020-01-17','157','357'),
('157',0,'2020-09-19','158','358'),
('158',1,'2020-09-22','159','359'),
('159',1,'2020-06-18','160','360'),
('160',0,'2020-01-29','161','361'),
('161',0,'2020-07-06','162','362'),
('162',0,'2020-07-02','163','363'),
('163',0,'2020-08-24','164','364'),
('164',1,'2020-08-26','165','365'),
('165',1,'2020-05-22','166','366'),
('166',0,'2020-01-29','167','367'),
('167',1,'2020-11-02','168','368'),
('168',1,'2020-03-02','169','369'),
('169',1,'2020-04-26','170','370'),
('170',1,'2020-08-14','171','371'),
('171',0,'2019-11-23','172','372'),
('172',0,'2020-06-27','173','373'),
('173',0,'2020-06-20','174','374'),
('174',0,'2019-12-13','175','375'),
('175',1,'2020-11-02','176','376'),
('176',1,'2020-10-26','177','377'),
('177',0,'2020-03-09','178','378'),
('178',1,'2020-06-27','179','379'),
('179',1,'2020-09-19','180','380'),
('180',0,'2020-02-13','181','381'),
('181',1,'2020-03-16','182','382'),
('182',0,'2020-05-12','183','383'),
('183',0,'2020-09-26','184','384'),
('184',0,'2020-02-19','185','385'),
('185',1,'2020-01-29','186','386'),
('186',1,'2020-06-22','187','387'),
('187',0,'2020-01-26','188','388'),
('188',1,'2020-09-04','189','389'),
('189',1,'2020-08-30','190','390'),
('190',0,'2020-02-29','191','391'),
('191',0,'2020-10-30','192','392'),
('192',1,'2020-02-19','193','393'),
('193',0,'2020-10-27','194','394'),
('194',0,'2020-07-13','195','395'),
('195',1,'2019-12-11','196','396'),
('196',0,'2019-11-28','197','397'),
('197',1,'2020-04-19','198','398'),
('198',0,'2020-10-21','199','399'),
('199',0,'2020-10-19','200','400'),
('200',1,'2019-11-22','201','401'),
('201',1,'2019-12-26','102','202'),
('202',0,'2020-09-16','103','203'),
('203',1,'2020-07-27','104','204'),
('204',0,'2020-06-03','105','205'),
('205',0,'2020-03-17','106','206'),
('206',0,'2020-01-31','107','207'),
('207',0,'2020-07-02','108','208'),
('208',0,'2020-06-05','109','209'),
('209',1,'2020-07-01','110','210'),
('210',0,'2020-03-30','111','211'),
('211',1,'2020-10-09','112','212'),
('212',1,'2020-03-16','113','213'),
('213',0,'2020-01-18','114','214'),
('214',0,'2020-06-02','115','215'),
('215',1,'2020-02-20','116','216'),
('216',1,'2019-12-27','117','217'),
('217',1,'2020-04-23','118','218'),
('218',0,'2020-05-28','119','219'),
('219',0,'2020-07-29','120','220'),
('220',0,'2020-10-24','121','221'),
('221',1,'2020-03-19','122','222'),
('222',1,'2020-09-29','123','223'),
('223',1,'2019-12-18','124','224'),
('224',0,'2020-05-27','125','225'),
('225',0,'2020-04-28','126','226'),
('226',1,'2020-10-26','127','227'),
('227',1,'2020-02-10','128','228'),
('228',0,'2020-10-23','129','229'),
('229',0,'2020-01-28','130','230'),
('230',0,'2020-07-27','131','231'),
('231',1,'2020-08-13','132','232'),
('232',1,'2020-07-11','133','233'),
('233',1,'2020-01-08','134','234'),
('234',0,'2019-11-25','135','235'),
('235',0,'2020-07-09','136','236'),
('236',0,'2020-01-23','137','237'),
('237',1,'2020-04-10','138','238'),
('238',0,'2020-11-07','139','239'),
('239',1,'2020-10-23','140','240'),
('240',1,'2020-07-24','141','241'),
('241',0,'2019-11-27','142','242'),
('242',0,'2020-03-03','143','243'),
('243',0,'2020-06-05','144','244'),
('244',0,'2020-05-17','145','245'),
('245',0,'2020-03-17','146','246'),
('246',0,'2020-09-05','147','247'),
('247',1,'2020-06-30','148','248'),
('248',0,'2020-04-01','149','249'),
('249',1,'2020-03-26','150','250'),
('250',1,'2020-02-22','151','251'),
('251',1,'2019-12-09','152','252'),
('252',0,'2020-04-30','153','253'),
('253',0,'2020-03-05','154','254'),
('254',0,'2020-02-24','155','255'),
('255',1,'2020-08-15','156','256'),
('256',1,'2020-01-10','157','257'),
('257',1,'2020-10-07','158','258'),
('258',0,'2020-03-15','159','259'),
('259',0,'2020-10-12','160','260'),
('260',1,'2020-03-14','161','261'),
('261',0,'2020-04-17','162','262'),
('262',0,'2020-01-30','163','263'),
('263',0,'2020-08-03','164','264'),
('264',0,'2020-07-15','165','265'),
('265',1,'2020-08-02','166','266'),
('266',1,'2019-12-02','167','267'),
('267',1,'2020-06-14','168','268'),
('268',0,'2020-08-22','169','269'),
('269',0,'2020-07-14','170','270'),
('270',0,'2020-08-12','171','271'),
('271',1,'2020-09-22','172','272'),
('272',1,'2020-09-06','173','273'),
('273',0,'2020-07-04','174','274'),
('274',0,'2019-11-19','175','275'),
('275',0,'2020-01-23','176','276'),
('276',1,'2020-01-29','177','277'),
('277',1,'2020-03-26','178','278'),
('278',0,'2020-10-08','179','279'),
('279',0,'2020-03-10','180','280'),
('280',0,'2020-05-18','181','281'),
('281',1,'2020-06-18','182','282'),
('282',0,'2020-06-02','183','283'),
('283',1,'2020-08-31','184','284'),
('284',1,'2020-06-06','185','285'),
('285',0,'2020-05-19','186','286'),
('286',0,'2020-09-03','187','287'),
('287',1,'2020-01-09','188','288'),
('288',0,'2020-04-28','189','289'),
('289',0,'2020-04-27','190','290'),
('290',1,'2020-06-02','191','291'),
('291',1,'2020-03-02','192','292'),
('292',1,'2020-02-21','193','293'),
('293',0,'2020-07-20','194','294'),
('294',0,'2020-08-08','195','295'),
('295',1,'2020-05-15','196','296'),
('296',1,'2020-07-21','197','297'),
('297',1,'2020-03-11','198','298'),
('298',1,'2020-04-01','199','299'),
('299',1,'2020-01-23','200','300'),
('300',0,'2020-10-14','201','301'),
('301',0,'2020-10-01','102','302'),
('302',0,'2020-05-23','103','303'),
('303',0,'2020-09-01','104','304'),
('304',0,'2020-04-04','105','305'),
('305',0,'2020-06-23','106','306'),
('306',1,'2020-09-20','107','307'),
('307',0,'2020-02-06','108','308'),
('308',1,'2020-10-09','109','309'),
('309',1,'2020-08-14','110','310'),
('310',0,'2019-12-26','111','311'),
('311',0,'2020-06-21','112','312'),
('312',1,'2020-04-09','113','313'),
('313',0,'2020-02-10','114','314'),
('314',0,'2020-03-30','115','315'),
('315',1,'2020-07-09','116','316'),
('316',0,'2020-09-24','117','317'),
('317',1,'2020-03-24','118','318'),
('318',0,'2019-12-12','119','319'),
('319',1,'2020-05-23','120','320'),
('320',1,'2020-10-22','121','321'),
('321',1,'2020-05-01','122','322'),
('322',0,'2020-03-17','123','323'),
('323',1,'2020-02-12','124','324'),
('324',0,'2020-06-30','125','325'),
('325',1,'2020-08-06','126','326'),
('326',0,'2020-02-16','127','327'),
('327',0,'2020-04-11','128','328'),
('328',1,'2019-11-29','129','329'),
('329',1,'2020-01-06','130','330'),
('330',0,'2020-06-15','131','331'),
('331',0,'2020-06-30','132','332'),
('332',1,'2020-09-07','133','333'),
('333',0,'2020-11-07','134','334'),
('334',0,'2020-07-06','135','335'),
('335',0,'2019-12-14','136','336'),
('336',0,'2020-06-15','137','337'),
('337',1,'2020-09-13','138','338'),
('338',0,'2020-09-05','139','339'),
('339',0,'2020-06-09','140','340'),
('340',0,'2020-10-14','141','341'),
('341',0,'2020-02-25','142','342'),
('342',0,'2020-02-09','143','343'),
('343',1,'2020-01-01','144','344'),
('344',1,'2020-09-09','145','345'),
('345',1,'2020-01-25','146','346'),
('346',1,'2019-11-27','147','347'),
('347',0,'2019-12-09','148','348'),
('348',0,'2020-03-14','149','349'),
('349',1,'2020-04-06','150','350'),
('350',0,'2020-05-01','151','351'),
('351',1,'2020-11-06','152','352'),
('352',1,'2020-02-25','153','353'),
('353',0,'2020-01-06','154','354'),
('354',0,'2020-01-29','155','355'),
('355',0,'2020-03-24','156','356'),
('356',0,'2020-11-01','157','357'),
('357',0,'2020-02-12','158','358'),
('358',0,'2020-06-13','159','359'),
('359',1,'2020-07-27','160','360'),
('360',1,'2020-05-06','161','361'),
('361',0,'2020-06-20','162','362'),
('362',1,'2020-01-01','163','363'),
('363',1,'2020-01-03','164','364'),
('364',1,'2020-04-06','165','365'),
('365',0,'2020-05-26','166','366'),
('366',0,'2020-08-27','167','367'),
('367',1,'2020-02-08','168','368'),
('368',1,'2020-06-28','169','369'),
('369',1,'2020-10-21','170','370'),
('370',0,'2019-12-26','171','371'),
('371',1,'2020-04-08','172','372'),
('372',0,'2020-10-21','173','373'),
('373',1,'2020-01-01','174','374'),
('374',1,'2020-10-10','175','375'),
('375',1,'2020-05-04','176','376'),
('376',0,'2019-11-19','177','377'),
('377',0,'2020-07-27','178','378'),
('378',0,'2020-02-19','179','379'),
('379',1,'2020-01-22','180','380'),
('380',0,'2020-09-13','181','381'),
('381',1,'2020-08-09','182','382'),
('382',0,'2020-10-02','183','383'),
('383',1,'2020-04-05','184','384'),
('384',1,'2020-04-17','185','385'),
('385',0,'2020-11-03','186','386'),
('386',0,'2019-12-01','187','387'),
('387',1,'2019-12-13','188','388'),
('388',0,'2020-07-14','189','389'),
('389',0,'2020-06-15','190','390'),
('390',1,'2020-01-21','191','391'),
('391',0,'2019-12-27','192','392'),
('392',1,'2019-12-28','193','393'),
('393',1,'2020-07-07','194','394'),
('394',0,'2020-05-01','195','395'),
('395',1,'2020-01-12','196','396'),
('396',0,'2020-01-04','197','397'),
('397',1,'2020-04-14','198','398'),
('398',0,'2020-03-10','199','399'),
('399',1,'2019-12-21','200','400'),
('400',1,'2019-11-20','201','401'),
('501',0,'2020-08-07','102','202'),
('502',0,'2020-01-10','103','203'),
('503',1,'2019-11-21','104','204'),
('504',0,'2020-05-06','105','205'),
('505',0,'2020-02-10','106','206'),
('506',0,'2020-01-18','107','207'),
('507',1,'2020-02-28','108','208'),
('508',0,'2020-09-12','109','209'),
('509',0,'2019-12-10','110','210'),
('510',1,'2020-08-16','111','211'),
('511',0,'2020-05-12','112','212'),
('512',0,'2020-10-15','113','213'),
('513',1,'2020-04-28','114','214'),
('514',1,'2020-03-10','115','215'),
('515',1,'2020-11-07','116','216'),
('516',1,'2020-06-10','117','217'),
('517',0,'2020-07-09','118','218'),
('518',0,'2020-11-07','119','219'),
('519',1,'2020-01-28','120','220'),
('520',0,'2020-08-10','121','221'),
('521',1,'2020-07-19','122','222'),
('522',0,'2020-06-13','123','223'),
('523',1,'2019-12-06','124','224'),
('524',0,'2020-06-18','125','225'),
('525',1,'2020-07-23','126','226'),
('526',1,'2020-09-22','127','227'),
('527',0,'2020-10-26','128','228'),
('528',0,'2020-05-18','129','229'),
('529',1,'2020-06-25','130','230'),
('530',1,'2020-03-13','131','231'),
('531',1,'2020-06-25','132','232'),
('532',0,'2020-03-08','133','233'),
('533',0,'2020-04-15','134','234'),
('534',1,'2020-11-01','135','235'),
('535',1,'2020-09-28','136','236'),
('536',0,'2020-07-20','137','237'),
('537',1,'2020-08-16','138','238'),
('538',0,'2020-09-21','139','239'),
('539',1,'2020-04-16','140','240'),
('540',1,'2020-08-20','141','241'),
('542',1,'2020-04-13','143','243'),
('543',0,'2020-05-17','144','244'),
('544',0,'2020-02-07','145','245'),
('545',0,'2020-05-24','146','246'),
('546',0,'2020-11-02','147','247'),
('547',0,'2019-11-23','148','248'),
('548',0,'2020-08-19','149','249'),
('549',1,'2020-08-26','150','250'),
('550',0,'2020-07-04','151','251'),
('551',1,'2020-07-29','152','252'),
('552',0,'2020-08-08','153','253'),
('553',1,'2020-02-25','154','254'),
('554',0,'2020-09-27','155','255'),
('555',0,'2020-07-29','156','256'),
('556',1,'2020-05-24','157','257'),
('557',0,'2020-09-07','158','258'),
('558',1,'2020-01-23','159','259'),
('559',1,'2020-02-11','160','260'),
('560',0,'2019-12-17','161','261'),
('561',0,'2020-06-08','162','262'),
('562',1,'2020-02-20','163','263'),
('563',1,'2020-01-01','164','264'),
('564',0,'2020-05-07','165','265'),
('565',1,'2020-06-06','166','266'),
('566',1,'2020-09-03','167','267'),
('567',1,'2020-07-24','168','268'),
('568',1,'2020-09-01','169','269'),
('569',0,'2020-05-06','170','270'),
('570',0,'2020-06-19','171','271'),
('571',0,'2019-11-30','172','272'),
('572',1,'2020-09-18','173','273'),
('573',1,'2020-06-13','174','274'),
('574',1,'2020-05-18','175','275'),
('575',1,'2020-03-12','176','276'),
('576',1,'2020-08-29','177','277'),
('577',1,'2020-06-20','178','278'),
('578',1,'2020-07-12','179','279'),
('579',1,'2020-07-26','180','280'),
('580',1,'2020-08-04','181','281'),
('581',1,'2019-12-20','182','282'),
('582',0,'2020-06-10','183','283'),
('583',0,'2020-08-24','184','284'),
('584',1,'2020-08-14','185','285'),
('585',1,'2020-03-25','186','286'),
('586',0,'2020-07-18','187','287'),
('587',0,'2020-10-26','188','288'),
('588',0,'2020-01-24','189','289'),
('589',0,'2020-03-08','190','290'),
('590',0,'2020-09-29','191','291'),
('591',0,'2020-06-07','192','292'),
('592',0,'2020-05-15','193','293'),
('593',1,'2020-05-10','194','294'),
('594',1,'2019-11-20','195','295'),
('595',1,'2020-08-18','196','296'),
('596',1,'2020-02-07','197','297'),
('597',0,'2020-08-19','198','298'),
('598',0,'2020-06-19','199','299'),
('599',0,'2019-12-15','200','300'),
('600',0,'2020-03-15','201','301'),
('601',1,'2020-10-08','102','302'),
('602',0,'2019-12-05','103','303'),
('603',0,'2020-08-23','104','304'),
('604',1,'2020-02-01','105','305'),
('605',0,'2019-11-20','106','306'),
('606',0,'2020-05-10','107','307'),
('607',0,'2020-06-14','108','308'),
('608',1,'2020-01-22','109','309'),
('609',1,'2020-01-26','110','310'),
('610',1,'2020-10-08','111','311'),
('611',0,'2020-05-20','112','312'),
('612',1,'2020-02-03','113','313'),
('613',1,'2019-11-19','114','314'),
('614',1,'2020-08-04','115','315'),
('615',1,'2020-09-18','116','316'),
('616',1,'2019-11-21','117','317'),
('617',1,'2020-10-10','118','318'),
('618',1,'2020-04-23','119','319'),
('619',1,'2020-09-22','120','320'),
('620',1,'2020-04-12','121','321'),
('621',0,'2020-02-13','122','322'),
('622',1,'2020-04-06','123','323'),
('623',1,'2020-10-06','124','324'),
('624',1,'2020-06-14','125','325'),
('625',1,'2020-05-06','126','326'),
('626',1,'2020-02-04','127','327'),
('627',1,'2019-12-26','128','328'),
('628',1,'2020-08-30','129','329'),
('629',0,'2020-03-24','130','330'),
('630',0,'2020-09-22','131','331'),
('631',1,'2020-03-22','132','332'),
('632',1,'2019-11-17','133','333'),
('633',1,'2020-01-10','134','334'),
('634',1,'2020-01-04','135','335'),
('635',1,'2020-08-29','136','336'),
('636',1,'2020-02-10','137','337'),
('637',0,'2020-09-18','138','338'),
('638',1,'2020-08-02','139','339'),
('639',1,'2020-08-17','140','340'),
('640',1,'2020-08-04','141','341'),
('641',0,'2020-01-08','142','342'),
('642',1,'2019-12-26','143','343'),
('643',1,'2019-11-29','144','344'),
('644',0,'2020-06-01','145','345'),
('645',0,'2020-01-14','146','346'),
('646',1,'2020-07-08','147','347'),
('647',0,'2020-08-30','148','348'),
('648',0,'2019-11-28','149','349'),
('649',0,'2020-05-18','150','350'),
('650',0,'2020-07-26','151','351'),
('651',0,'2020-03-13','152','352'),
('652',0,'2020-09-03','153','353'),
('653',1,'2020-04-24','154','354'),
('654',1,'2020-10-21','155','355'),
('655',1,'2020-03-02','156','356'),
('656',1,'2020-02-26','157','357'),
('657',1,'2020-03-01','158','358'),
('658',0,'2020-01-28','159','359'),
('659',0,'2020-10-18','160','360'),
('660',1,'2020-04-21','161','361'),
('661',0,'2020-09-16','162','362'),
('662',1,'2020-04-05','163','363'),
('663',1,'2020-10-10','164','364'),
('664',1,'2020-04-07','165','365'),
('665',1,'2019-12-21','166','366'),
('666',1,'2020-02-16','167','367'),
('667',0,'2020-07-03','168','368'),
('668',0,'2020-05-08','169','369'),
('669',0,'2020-01-29','170','370'),
('670',0,'2020-06-19','171','371'),
('671',0,'2020-01-08','172','372'),
('672',0,'2020-07-26','173','373'),
('673',0,'2020-04-07','174','374'),
('674',1,'2020-06-20','175','375'),
('675',0,'2020-02-12','176','376'),
('676',1,'2020-10-02','177','377'),
('677',0,'2020-07-10','178','378'),
('678',0,'2020-03-31','179','379'),
('679',0,'2020-09-05','180','380'),
('680',1,'2020-10-20','181','381'),
('681',0,'2020-10-30','182','382'),
('682',0,'2020-05-30','183','383'),
('683',0,'2020-10-10','184','384'),
('684',0,'2020-01-07','185','385'),
('685',1,'2020-08-08','186','386'),
('686',1,'2020-01-16','187','387'),
('687',1,'2020-05-27','188','388'),
('688',1,'2019-11-27','189','389'),
('689',0,'2020-05-02','190','390'),
('690',0,'2020-08-13','191','391'),
('691',1,'2019-12-14','192','392'),
('692',1,'2020-03-24','193','393'),
('693',0,'2019-12-04','194','394'),
('694',1,'2020-05-07','195','395'),
('695',1,'2020-07-25','196','396'),
('696',1,'2020-02-03','197','397'),
('697',0,'2020-03-03','198','398'),
('698',0,'2020-05-21','199','399'),
('699',0,'2020-05-13','200','400'),
('700',1,'2020-08-16','201','401'),
('801',0,'2020-07-02','102','202'),
('802',0,'2020-04-27','103','203'),
('803',1,'2020-01-06','104','204'),
('804',1,'2020-01-21','105','205'),
('805',0,'2020-09-15','106','206'),
('806',0,'2020-08-28','107','207'),
('807',1,'2020-01-27','108','208'),
('808',0,'2020-11-08','109','209'),
('809',0,'2020-01-21','110','210'),
('810',0,'2020-04-04','111','211'),
('811',0,'2020-08-08','112','212'),
('812',0,'2020-01-25','113','213'),
('813',1,'2020-09-03','114','214'),
('814',0,'2020-05-22','115','215'),
('815',0,'2020-03-02','116','216'),
('816',0,'2020-05-02','117','217'),
('817',0,'2019-12-12','118','218'),
('818',0,'2020-04-28','119','219'),
('819',0,'2020-10-25','120','220'),
('820',0,'2020-06-04','121','221'),
('821',0,'2020-02-19','122','222'),
('822',0,'2020-09-08','123','223'),
('823',0,'2019-12-27','124','224'),
('824',1,'2019-12-30','125','225'),
('825',1,'2020-02-06','126','226'),
('826',1,'2020-06-26','127','227'),
('827',1,'2020-06-08','128','228'),
('828',1,'2020-02-04','129','229'),
('829',1,'2020-06-16','130','230'),
('830',1,'2020-04-21','131','231'),
('831',1,'2020-04-23','132','232'),
('832',0,'2020-06-06','133','233'),
('833',0,'2020-09-25','134','234'),
('834',1,'2019-11-18','135','235'),
('835',1,'2020-03-09','136','236'),
('836',1,'2020-06-07','137','237'),
('837',0,'2020-05-12','138','238'),
('838',1,'2020-07-17','139','239'),
('839',0,'2020-06-25','140','240'),
('840',0,'2019-12-17','141','241'),
('841',0,'2020-03-21','142','242'),
('842',1,'2020-03-09','143','243'),
('843',0,'2020-08-15','144','244'),
('845',1,'2020-04-08','146','246'),
('846',0,'2020-04-03','147','247'),
('847',0,'2019-12-10','148','248'),
('848',0,'2020-08-06','149','249'),
('849',1,'2020-06-03','150','250'),
('850',0,'2020-01-30','151','251'),
('851',1,'2020-05-17','152','252'),
('852',0,'2019-12-10','153','253'),
('853',0,'2019-12-30','154','254'),
('854',0,'2020-03-18','155','255'),
('855',0,'2020-07-20','156','256'),
('856',1,'2020-01-13','157','257'),
('857',0,'2020-05-03','158','258'),
('858',1,'2020-05-11','159','259'),
('859',1,'2020-10-16','160','260'),
('860',0,'2020-08-13','161','261'),
('861',1,'2019-12-13','162','262'),
('862',0,'2020-08-27','163','263'),
('863',1,'2020-03-04','164','264'),
('864',1,'2020-01-03','165','265'),
('865',0,'2020-02-09','166','266'),
('866',1,'2020-05-25','167','267'),
('867',0,'2019-12-19','168','268'),
('868',1,'2020-07-25','169','269'),
('869',0,'2020-05-20','170','270'),
('870',0,'2020-07-04','171','271'),
('871',0,'2020-10-15','172','272'),
('872',0,'2020-09-09','173','273'),
('873',1,'2019-11-16','174','274'),
('874',0,'2020-09-16','175','275'),
('876',0,'2020-10-03','177','277'),
('877',0,'2020-09-17','178','278'),
('878',1,'2020-02-05','179','279'),
('879',1,'2020-03-19','180','280'),
('880',1,'2020-05-26','181','281'),
('881',1,'2020-08-10','182','282'),
('882',0,'2020-09-05','183','283'),
('883',1,'2020-09-30','184','284'),
('884',0,'2020-06-04','185','285'),
('885',0,'2020-08-24','186','286'),
('886',1,'2020-05-13','187','287'),
('887',1,'2020-09-12','188','288'),
('888',0,'2020-06-19','189','289'),
('889',0,'2020-07-27','190','290'),
('890',1,'2020-06-16','191','291'),
('891',0,'2020-06-15','192','292'),
('892',1,'2019-11-27','193','293'),
('893',1,'2020-10-13','194','294'),
('894',1,'2020-02-27','195','295'),
('895',1,'2020-09-17','196','296'),
('896',0,'2020-07-04','197','297'),
('897',1,'2020-01-03','198','298'),
('898',0,'2020-06-25','199','299'),
('899',1,'2020-03-24','200','300'),
('900',1,'2020-06-09','201','301'),
('901',1,'2020-05-10','102','302'),
('902',1,'2020-01-20','103','303'),
('903',0,'2019-12-30','104','304'),
('904',1,'2020-03-20','105','305'),
('905',1,'2020-09-01','106','306'),
('906',1,'2020-07-04','107','307'),
('907',0,'2020-01-07','108','308'),
('908',1,'2020-06-17','109','309'),
('909',0,'2020-03-19','110','310'),
('910',1,'2019-12-10','111','311'),
('911',0,'2020-08-19','112','312'),
('912',1,'2020-04-23','113','313'),
('913',0,'2020-07-01','114','314'),
('914',0,'2020-03-16','115','315'),
('915',0,'2020-08-12','116','316'),
('916',1,'2020-01-21','117','317'),
('917',1,'2020-09-10','118','318'),
('918',1,'2020-03-06','119','319'),
('919',1,'2020-03-24','120','320'),
('920',1,'2020-09-02','121','321'),
('921',1,'2020-08-25','122','322'),
('922',0,'2020-06-13','123','323'),
('923',0,'2020-01-10','124','324'),
('924',1,'2020-09-21','125','325'),
('925',1,'2020-05-03','126','326'),
('926',0,'2020-09-05','127','327'),
('927',1,'2020-04-30','128','328'),
('928',0,'2020-04-26','129','329'),
('929',0,'2020-01-28','130','330'),
('930',0,'2020-08-12','131','331'),
('931',0,'2020-04-10','132','332'),
('932',0,'2020-07-14','133','333'),
('933',0,'2020-05-14','134','334'),
('934',1,'2020-07-29','135','335'),
('935',1,'2020-04-20','136','336'),
('936',1,'2020-03-25','137','337'),
('937',0,'2020-04-25','138','338'),
('938',0,'2020-07-13','139','339'),
('939',1,'2020-05-08','140','340'),
('940',0,'2020-06-12','141','341'),
('941',0,'2020-07-11','142','342'),
('942',1,'2020-07-18','143','343'),
('943',1,'2020-01-31','144','344'),
('944',1,'2020-05-22','145','345'),
('945',1,'2020-02-21','146','346'),
('946',0,'2020-05-12','147','347'),
('947',0,'2020-03-17','148','348'),
('948',1,'2020-05-04','149','349'),
('949',1,'2020-07-12','150','350'),
('950',0,'2020-02-20','151','351'),
('951',1,'2020-02-06','152','352'),
('952',0,'2020-10-29','153','353'),
('953',1,'2020-07-18','154','354'),
('954',1,'2020-07-28','155','355'),
('955',1,'2020-11-08','156','356'),
('956',0,'2020-09-29','157','357'); 


INSERT INTO `move_request`(medical_idCode, newDate) VALUES ('1','2020-01-25'),
('2','2020-02-26'),
('3','2020-02-17'),
('4','2020-09-15'),
('5','2020-06-03'),
('6','2020-11-01'),
('7','2020-01-02'),
('8','2020-04-10'),
('9','2020-05-25'),
('10','2020-05-06'),
('11','2020-02-16'),
('12','2020-10-24'),
('13','2020-08-11'),
('14','2020-09-25'),
('15','2020-10-30'),
('16','2020-07-23'),
('17','2020-05-03'),
('18','2020-05-20'),
('19','2020-09-24'),
('20','2020-10-31'),
('21','2019-12-29'),
('22','2020-09-14'),
('23','2020-09-21'),
('24','2019-12-15'),
('25','2020-11-08'),
('26','2020-07-09'),
('27','2020-06-11'),
('28','2019-12-28'),
('29','2020-10-21'),
('30','2020-09-11'),
('31','2020-01-06'),
('32','2019-12-27'),
('33','2020-05-04'),
('34','2020-10-13'),
('35','2020-02-19'),
('36','2020-01-02'),
('37','2020-03-22'),
('38','2020-10-20'),
('39','2020-04-29'),
('40','2020-08-08'),
('41','2020-01-15'),
('42','2020-09-21'),
('43','2020-01-21'),
('44','2020-01-09'),
('45','2020-05-10'),
('46','2020-07-13'),
('47','2020-10-11'),
('48','2020-04-27'),
('49','2019-12-03'),
('50','2020-06-07'),
('51','2020-10-20'),
('52','2020-02-17'),
('53','2020-06-01'),
('54','2020-07-14'),
('55','2020-03-06'),
('56','2020-04-08'),
('57','2020-04-13'),
('58','2020-03-04'),
('59','2020-03-12'),
('60','2020-01-07'),
('61','2020-08-09'),
('62','2020-05-17'),
('63','2020-06-22'),
('64','2020-03-21'),
('65','2019-12-16'),
('66','2020-10-25'),
('67','2020-10-01'),
('68','2020-05-28'),
('69','2020-06-02'),
('70','2020-08-08'),
('71','2020-09-20'),
('72','2020-10-15'),
('73','2020-02-19'),
('74','2020-01-11'),
('75','2020-03-14'),
('76','2020-09-01'),
('77','2020-06-07'),
('78','2020-07-04'),
('79','2020-04-16'),
('80','2020-10-21'),
('81','2020-06-28'),
('82','2020-04-30'),
('83','2020-01-10'),
('84','2020-09-06'),
('85','2020-09-20'),
('86','2020-04-17'),
('87','2020-06-06'),
('88','2020-06-09'),
('89','2020-02-02'),
('90','2020-05-02'),
('91','2019-12-05'),
('92','2020-09-11'),
('93','2020-05-17'),
('94','2020-01-20'),
('95','2020-01-06'),
('96','2020-08-02'),
('97','2020-06-06'),
('98','2020-06-26'),
('99','2020-04-24'),
('100','2020-10-03'); 


INSERT INTO `delete_request` VALUES ('1'),
('2'),
('3'),
('4'),
('5'),
('6'),
('7'),
('8'),
('9'),
('10'),
('11'),
('12'),
('13'),
('14'),
('15'),
('16'),
('17'),
('18'),
('19'),
('20'),
('21'),
('22'),
('23'),
('24'),
('25'),
('26'),
('27'),
('28'),
('29'),
('30'),
('31'),
('32'),
('33'),
('34'),
('35'),
('36'),
('37'),
('38'),
('39'),
('40'),
('41'),
('42'),
('43'),
('44'),
('45'),
('46'),
('47'),
('48'),
('49'),
('50'),
('51'),
('52'),
('53'),
('54'),
('55'),
('56'),
('57'),
('58'),
('59'),
('60'),
('61'),
('62'),
('63'),
('64'),
('65'),
('66'),
('67'),
('68'),
('69'),
('70'),
('71'),
('72'),
('73'),
('74'),
('75'),
('76'),
('77'),
('78'),
('79'),
('80'),
('81'),
('82'),
('83'),
('84'),
('85'),
('86'),
('87'),
('88'),
('89'),
('90'),
('91'),
('92'),
('93'),
('94'),
('95'),
('96'),
('97'),
('98'),
('99'),
('100'); 

delimiter $$
create event delete_med
on schedule every 1 week
starts '2019-11-11 00:00:00'
do
	DELETE m.* FROM medical m
	WHERE
		m.medicalDate < (CURDATE() - INTERVAL 1 WEEK);
begin
end$$
delimiter ;

